Date,VIX
2019-10-14,14.569999694824219
2019-10-15,13.539999961853027
2019-10-16,13.680000305175781
2019-10-17,13.789999961853027
2019-10-18,14.25
2019-10-21,14.0
2019-10-22,14.460000038146973
2019-10-23,14.010000228881836
2019-10-24,13.710000038146973
2019-10-25,12.649999618530273
2019-10-28,13.109999656677246
2019-10-29,13.199999809265137
2019-10-30,12.329999923706055
2019-10-31,13.220000267028809
2019-11-01,12.300000190734863
2019-11-04,12.829999923706055
2019-11-05,13.100000381469727
2019-11-06,12.619999885559082
2019-11-07,12.729999542236328
2019-11-08,12.069999694824219
2019-11-11,12.6899995803833
2019-11-12,12.680000305175781
2019-11-13,13.0
2019-11-14,13.050000190734863
2019-11-15,12.050000190734863
2019-11-18,12.460000038146973
2019-11-19,12.859999656677246
2019-11-20,12.779999732971191
2019-11-21,13.130000114440918
2019-11-22,12.34000015258789
2019-11-25,11.869999885559082
2019-11-26,11.539999961853027
2019-11-27,11.75
2019-11-29,12.619999885559082
2019-12-02,14.90999984741211
2019-12-03,15.960000038146973
2019-12-04,14.800000190734863
2019-12-05,14.520000457763672
2019-12-06,13.619999885559082
2019-12-09,15.859999656677246
2019-12-10,15.680000305175781
2019-12-11,14.989999771118164
2019-12-12,13.9399995803833
2019-12-13,12.630000114440918
2019-12-16,12.140000343322754
2019-12-17,12.289999961853027
2019-12-18,12.579999923706055
2019-12-19,12.5
2019-12-20,12.510000228881836
2019-12-23,12.609999656677246
2019-12-24,12.670000076293945
2019-12-26,12.649999618530273
2019-12-27,13.430000305175781
2019-12-30,14.819999694824219
2019-12-31,13.779999732971191
2020-01-02,12.470000267028809
2020-01-03,14.020000457763672
2020-01-06,13.850000381469727
2020-01-07,13.789999961853027
2020-01-08,13.449999809265137
2020-01-09,12.539999961853027
2020-01-10,12.5600004196167
2020-01-13,12.319999694824219
2020-01-14,12.390000343322754
2020-01-15,12.420000076293945
2020-01-16,12.319999694824219
2020-01-17,12.100000381469727
2020-01-21,12.850000381469727
2020-01-22,12.90999984741211
2020-01-23,12.979999542236328
2020-01-24,14.5600004196167
2020-01-27,18.229999542236328
2020-01-28,16.280000686645508
2020-01-29,16.389999389648438
2020-01-30,15.489999771118164
2020-01-31,18.84000015258789
2020-02-03,17.969999313354492
2020-02-04,16.049999237060547
2020-02-05,15.149999618530273
2020-02-06,14.960000038146973
2020-02-07,15.470000267028809
2020-02-10,15.039999961853027
2020-02-11,15.180000305175781
2020-02-12,13.739999771118164
2020-02-13,14.149999618530273
2020-02-14,13.680000305175781
2020-02-18,14.829999923706055
2020-02-19,14.380000114440918
2020-02-20,15.5600004196167
2020-02-21,17.079999923706055
2020-02-24,25.030000686645508
2020-02-25,27.850000381469727
2020-02-26,27.559999465942383
2020-02-27,39.15999984741211
2020-02-28,40.11000061035156
2020-03-02,33.41999816894531
2020-03-03,36.81999969482422
2020-03-04,31.989999771118164
2020-03-05,39.619998931884766
2020-03-06,41.939998626708984
2020-03-09,54.459999084472656
2020-03-10,47.29999923706055
2020-03-11,53.900001525878906
2020-03-12,75.47000122070312
2020-03-13,57.83000183105469
2020-03-16,82.69000244140625
2020-03-17,75.91000366210938
2020-03-18,76.44999694824219
2020-03-19,72.0
2020-03-20,66.04000091552734
2020-03-23,61.59000015258789
2020-03-24,61.66999816894531
2020-03-25,63.95000076293945
2020-03-26,61.0
2020-03-27,65.54000091552734
2020-03-30,57.08000183105469
2020-03-31,53.540000915527344
2020-04-01,57.060001373291016
2020-04-02,50.90999984741211
2020-04-03,46.79999923706055
2020-04-06,45.2400016784668
2020-04-07,46.70000076293945
2020-04-08,43.349998474121094
2020-04-09,41.66999816894531
2020-04-13,41.16999816894531
2020-04-14,37.7599983215332
2020-04-15,40.84000015258789
2020-04-16,40.11000061035156
2020-04-17,38.150001525878906
2020-04-20,43.83000183105469
2020-04-21,45.40999984741211
2020-04-22,41.97999954223633
2020-04-23,41.380001068115234
2020-04-24,35.93000030517578
2020-04-27,33.290000915527344
2020-04-28,33.56999969482422
2020-04-29,31.229999542236328
2020-04-30,34.150001525878906
2020-05-01,37.189998626708984
2020-05-04,35.970001220703125
2020-05-05,33.61000061035156
2020-05-06,34.119998931884766
2020-05-07,31.440000534057617
2020-05-08,27.979999542236328
2020-05-11,27.56999969482422
2020-05-12,33.040000915527344
2020-05-13,35.279998779296875
2020-05-14,32.61000061035156
2020-05-15,31.889999389648438
2020-05-18,29.299999237060547
2020-05-19,30.530000686645508
2020-05-20,27.989999771118164
2020-05-21,29.530000686645508
2020-05-22,28.15999984741211
2020-05-26,28.010000228881836
2020-05-27,27.6200008392334
2020-05-28,28.59000015258789
2020-05-29,27.510000228881836
2020-06-01,28.229999542236328
2020-06-02,26.84000015258789
2020-06-03,25.65999984741211
2020-06-04,25.809999465942383
2020-06-05,24.520000457763672
2020-06-08,25.809999465942383
2020-06-09,27.56999969482422
2020-06-10,27.56999969482422
2020-06-11,40.790000915527344
2020-06-12,36.09000015258789
2020-06-15,34.400001525878906
2020-06-16,33.66999816894531
2020-06-17,33.470001220703125
2020-06-18,32.939998626708984
2020-06-19,35.119998931884766
2020-06-22,31.770000457763672
2020-06-23,31.3700008392334
2020-06-24,33.84000015258789
2020-06-25,32.220001220703125
2020-06-26,34.72999954223633
2020-06-29,31.780000686645508
2020-06-30,30.43000030517578
2020-07-01,28.6200008392334
2020-07-02,27.68000030517578
2020-07-06,27.940000534057617
2020-07-07,29.43000030517578
2020-07-08,28.079999923706055
2020-07-09,29.260000228881836
2020-07-10,27.290000915527344
2020-07-13,32.189998626708984
2020-07-14,29.520000457763672
2020-07-15,27.760000228881836
2020-07-16,28.0
2020-07-17,25.68000030517578
2020-07-20,24.459999084472656
2020-07-21,24.84000015258789
2020-07-22,24.31999969482422
2020-07-23,26.079999923706055
2020-07-24,25.84000015258789
2020-07-27,24.739999771118164
2020-07-28,25.440000534057617
2020-07-29,24.100000381469727
2020-07-30,24.760000228881836
2020-07-31,24.459999084472656
2020-08-03,24.280000686645508
2020-08-04,23.760000228881836
2020-08-05,22.989999771118164
2020-08-06,22.649999618530273
2020-08-07,22.209999084472656
2020-08-10,22.1299991607666
2020-08-11,24.030000686645508
2020-08-12,22.280000686645508
2020-08-13,22.1299991607666
2020-08-14,22.049999237060547
2020-08-17,21.350000381469727
2020-08-18,21.510000228881836
2020-08-19,22.540000915527344
2020-08-20,22.719999313354492
2020-08-21,22.540000915527344
2020-08-24,22.3700008392334
2020-08-25,22.030000686645508
2020-08-26,23.270000457763672
2020-08-27,24.469999313354492
2020-08-28,22.959999084472656
2020-08-31,26.40999984741211
2020-09-01,26.1200008392334
2020-09-02,26.56999969482422
2020-09-03,33.599998474121094
2020-09-04,30.75
2020-09-08,31.459999084472656
2020-09-09,28.809999465942383
2020-09-10,29.709999084472656
2020-09-11,26.8700008392334
2020-09-14,25.850000381469727
2020-09-15,25.59000015258789
2020-09-16,26.040000915527344
2020-09-17,26.459999084472656
2020-09-18,25.829999923706055
2020-09-21,27.780000686645508
2020-09-22,26.860000610351562
2020-09-23,28.579999923706055
2020-09-24,28.510000228881836
2020-09-25,26.3799991607666
2020-09-28,26.190000534057617
2020-09-29,26.270000457763672
2020-09-30,26.3700008392334
2020-10-01,26.700000762939453
2020-10-02,27.6299991607666
2020-10-05,27.959999084472656
2020-10-06,29.479999542236328
2020-10-07,28.059999465942383
2020-10-08,26.360000610351562
2020-10-09,25.0
2020-10-12,25.06999969482422
2020-10-13,26.06999969482422
2020-10-14,26.399999618530273
2020-10-15,26.969999313354492
2020-10-16,27.40999984741211
2020-10-19,29.18000030517578
2020-10-20,29.350000381469727
2020-10-21,28.649999618530273
2020-10-22,28.110000610351562
2020-10-23,27.549999237060547
2020-10-26,32.459999084472656
2020-10-27,33.349998474121094
2020-10-28,40.279998779296875
2020-10-29,37.59000015258789
2020-10-30,38.02000045776367
2020-11-02,37.130001068115234
2020-11-03,35.54999923706055
2020-11-04,29.56999969482422
2020-11-05,27.579999923706055
2020-11-06,24.860000610351562
2020-11-09,25.75
2020-11-10,24.799999237060547
2020-11-11,23.450000762939453
2020-11-12,25.350000381469727
2020-11-13,23.100000381469727
2020-11-16,22.450000762939453
2020-11-17,22.709999084472656
2020-11-18,23.84000015258789
2020-11-19,23.110000610351562
2020-11-20,23.700000762939453
2020-11-23,22.65999984741211
2020-11-24,21.639999389648438
2020-11-25,21.25
2020-11-27,20.84000015258789
2020-11-30,20.56999969482422
2020-12-01,20.770000457763672
2020-12-02,21.170000076293945
2020-12-03,21.280000686645508
2020-12-04,20.790000915527344
2020-12-07,21.299999237060547
2020-12-08,20.68000030517578
2020-12-09,22.270000457763672
2020-12-10,22.520000457763672
2020-12-11,23.309999465942383
2020-12-14,24.719999313354492
2020-12-15,22.889999389648438
2020-12-16,22.5
2020-12-17,21.93000030517578
2020-12-18,21.56999969482422
2020-12-21,25.15999984741211
2020-12-22,24.229999542236328
2020-12-23,23.309999465942383
2020-12-24,21.530000686645508
2020-12-28,21.700000762939453
2020-12-29,23.079999923706055
2020-12-30,22.770000457763672
2020-12-31,22.75
2021-01-04,26.969999313354492
2021-01-05,25.34000015258789
2021-01-06,25.06999969482422
2021-01-07,22.3700008392334
2021-01-08,21.559999465942383
2021-01-11,24.079999923706055
2021-01-12,23.329999923706055
2021-01-13,22.209999084472656
2021-01-14,23.25
2021-01-15,24.34000015258789
2021-01-19,23.239999771118164
2021-01-20,21.579999923706055
2021-01-21,21.31999969482422
2021-01-22,21.90999984741211
2021-01-25,23.190000534057617
2021-01-26,23.020000457763672
2021-01-27,37.209999084472656
2021-01-28,30.209999084472656
2021-01-29,33.09000015258789
2021-02-01,30.239999771118164
2021-02-02,25.559999465942383
2021-02-03,22.90999984741211
2021-02-04,21.770000457763672
2021-02-05,20.8700008392334
2021-02-08,21.239999771118164
2021-02-09,21.6299991607666
2021-02-10,21.989999771118164
2021-02-11,21.25
2021-02-12,19.969999313354492
2021-02-16,21.459999084472656
2021-02-17,21.5
2021-02-18,22.489999771118164
2021-02-19,22.049999237060547
2021-02-22,23.450000762939453
2021-02-23,23.110000610351562
2021-02-24,21.34000015258789
2021-02-25,28.889999389648438
2021-02-26,27.950000762939453
2021-03-01,23.350000381469727
2021-03-02,24.100000381469727
2021-03-03,26.670000076293945
2021-03-04,28.56999969482422
2021-03-05,24.65999984741211
2021-03-08,25.469999313354492
2021-03-09,24.030000686645508
2021-03-10,22.559999465942383
2021-03-11,21.90999984741211
2021-03-12,20.690000534057617
2021-03-15,20.030000686645508
2021-03-16,19.790000915527344
2021-03-17,19.229999542236328
2021-03-18,21.579999923706055
2021-03-19,20.950000762939453
2021-03-22,18.8799991607666
2021-03-23,20.299999237060547
2021-03-24,21.200000762939453
2021-03-25,19.809999465942383
2021-03-26,18.860000610351562
2021-03-29,20.739999771118164
2021-03-30,19.610000610351562
2021-03-31,19.399999618530273
2021-04-01,17.329999923706055
2021-04-05,17.90999984741211
2021-04-06,18.1200008392334
2021-04-07,17.15999984741211
2021-04-08,16.950000762939453
2021-04-09,16.690000534057617
2021-04-12,16.90999984741211
2021-04-13,16.649999618530273
2021-04-14,16.989999771118164
2021-04-15,16.56999969482422
2021-04-16,16.25
2021-04-19,17.290000915527344
2021-04-20,18.68000030517578
2021-04-21,17.5
2021-04-22,18.709999084472656
2021-04-23,17.329999923706055
2021-04-26,17.639999389648438
2021-04-27,17.559999465942383
2021-04-28,17.280000686645508
2021-04-29,17.610000610351562
2021-04-30,18.610000610351562
2021-05-03,18.309999465942383
2021-05-04,19.479999542236328
2021-05-05,19.149999618530273
2021-05-06,18.389999389648438
2021-05-07,16.690000534057617
2021-05-10,19.65999984741211
2021-05-11,21.84000015258789
2021-05-12,27.59000015258789
2021-05-13,23.1299991607666
2021-05-14,18.809999465942383
2021-05-17,19.719999313354492
2021-05-18,21.34000015258789
2021-05-19,22.18000030517578
2021-05-20,20.670000076293945
2021-05-21,20.149999618530273
2021-05-24,18.399999618530273
2021-05-25,18.84000015258789
2021-05-26,17.360000610351562
2021-05-27,16.739999771118164
2021-05-28,16.760000228881836
2021-06-01,17.899999618530273
2021-06-02,17.479999542236328
2021-06-03,18.040000915527344
2021-06-04,16.420000076293945
2021-06-07,16.420000076293945
2021-06-08,17.06999969482422
2021-06-09,17.889999389648438
2021-06-10,16.100000381469727
2021-06-11,15.649999618530273
2021-06-14,16.389999389648438
2021-06-15,17.020000457763672
2021-06-16,18.149999618530273
2021-06-17,17.75
2021-06-18,20.700000762939453
2021-06-21,17.889999389648438
2021-06-22,16.65999984741211
2021-06-23,16.31999969482422
2021-06-24,15.970000267028809
2021-06-25,15.619999885559082
2021-06-28,15.760000228881836
2021-06-29,16.020000457763672
2021-06-30,15.829999923706055
2021-07-01,15.479999542236328
2021-07-02,15.069999694824219
2021-07-06,16.440000534057617
2021-07-07,16.200000762939453
2021-07-08,19.0
2021-07-09,16.18000030517578
2021-07-12,16.170000076293945
2021-07-13,17.1200008392334
2021-07-14,16.329999923706055
2021-07-15,17.010000228881836
2021-07-16,18.450000762939453
2021-07-19,22.5
2021-07-20,19.729999542236328
2021-07-21,17.90999984741211
2021-07-22,17.690000534057617
2021-07-23,17.200000762939453
2021-07-26,17.579999923706055
2021-07-27,19.360000610351562
2021-07-28,18.309999465942383
2021-07-29,17.700000762939453
2021-07-30,18.239999771118164
2021-08-02,19.459999084472656
2021-08-03,18.040000915527344
2021-08-04,17.969999313354492
2021-08-05,17.280000686645508
2021-08-06,16.149999618530273
2021-08-09,16.719999313354492
2021-08-10,16.790000915527344
2021-08-11,16.170000076293945
2021-08-12,15.59000015258789
2021-08-13,15.449999809265137
2021-08-16,16.1200008392334
2021-08-17,17.90999984741211
2021-08-18,21.56999969482422
2021-08-19,21.670000076293945
2021-08-20,18.559999465942383
2021-08-23,17.149999618530273
2021-08-24,17.219999313354492
2021-08-25,16.790000915527344
2021-08-26,18.84000015258789
2021-08-27,16.389999389648438
2021-08-30,16.190000534057617
2021-08-31,16.479999542236328
2021-09-01,16.110000610351562
2021-09-02,16.40999984741211
2021-09-03,16.40999984741211
2021-09-07,18.139999389648438
2021-09-08,17.959999084472656
2021-09-09,18.799999237060547
2021-09-10,20.950000762939453
2021-09-13,19.3700008392334
2021-09-14,19.459999084472656
2021-09-15,18.18000030517578
2021-09-16,18.690000534057617
2021-09-17,20.809999465942383
2021-09-20,25.709999084472656
2021-09-21,24.360000610351562
2021-09-22,20.8700008392334
2021-09-23,18.6299991607666
2021-09-24,17.75
2021-09-27,18.760000228881836
2021-09-28,23.25
2021-09-29,22.559999465942383
2021-09-30,23.139999389648438
2021-10-01,21.100000381469727
2021-10-04,22.959999084472656
2021-10-05,21.299999237060547
2021-10-06,21.0
2021-10-07,19.540000915527344
2021-10-08,18.770000457763672
2021-10-11,20.0
2021-10-12,19.850000381469727
2021-10-13,18.639999389648438
2021-10-14,16.860000610351562
2021-10-15,16.299999237060547
2021-10-18,16.309999465942383
2021-10-19,15.699999809265137
2021-10-20,15.489999771118164
2021-10-21,15.010000228881836
2021-10-22,15.430000305175781
2021-10-25,15.239999771118164
2021-10-26,15.979999542236328
2021-10-27,16.979999542236328
2021-10-28,16.530000686645508
2021-10-29,16.260000228881836
2021-11-01,16.40999984741211
2021-11-02,16.030000686645508
2021-11-03,15.100000381469727
2021-11-04,15.4399995803833
2021-11-05,16.479999542236328
2021-11-08,17.219999313354492
2021-11-09,17.780000686645508
2021-11-10,18.729999542236328
2021-11-11,17.65999984741211
2021-11-12,16.290000915527344
2021-11-15,16.489999771118164
2021-11-16,16.3700008392334
2021-11-17,17.110000610351562
2021-11-18,17.59000015258789
2021-11-19,17.90999984741211
2021-11-22,19.170000076293945
2021-11-23,19.3799991607666
2021-11-24,18.579999923706055
2021-11-26,28.6200008392334
2021-11-29,22.959999084472656
2021-11-30,27.190000534057617
2021-12-01,31.1200008392334
2021-12-02,27.950000762939453
2021-12-03,30.670000076293945
2021-12-06,27.18000030517578
2021-12-07,21.889999389648438
2021-12-08,19.899999618530273
2021-12-09,21.579999923706055
2021-12-10,18.690000534057617
2021-12-13,20.309999465942383
2021-12-14,21.889999389648438
2021-12-15,19.290000915527344
2021-12-16,20.56999969482422
2021-12-17,21.56999969482422
2021-12-20,22.8700008392334
2021-12-21,21.010000228881836
2021-12-22,18.6299991607666
2021-12-23,17.959999084472656
2021-12-27,17.68000030517578
2021-12-28,17.540000915527344
2021-12-29,16.950000762939453
2021-12-30,17.329999923706055
2021-12-31,17.219999313354492
2022-01-03,16.600000381469727
2022-01-04,16.90999984741211
2022-01-05,19.729999542236328
2022-01-06,19.610000610351562
2022-01-07,18.760000228881836
2022-01-10,19.399999618530273
2022-01-11,18.40999984741211
2022-01-12,17.6200008392334
2022-01-13,20.309999465942383
2022-01-14,19.190000534057617
2022-01-18,22.790000915527344
2022-01-19,23.850000381469727
2022-01-20,25.59000015258789
2022-01-21,28.850000381469727
2022-01-24,29.899999618530273
2022-01-25,31.15999984741211
2022-01-26,31.959999084472656
2022-01-27,30.489999771118164
2022-01-28,27.65999984741211
2022-01-31,24.829999923706055
2022-02-01,21.959999084472656
2022-02-02,22.09000015258789
2022-02-03,24.350000381469727
2022-02-04,23.219999313354492
2022-02-07,22.860000610351562
2022-02-08,21.440000534057617
2022-02-09,19.959999084472656
2022-02-10,23.90999984741211
2022-02-11,27.360000610351562
2022-02-14,28.329999923706055
2022-02-15,25.700000762939453
2022-02-16,24.290000915527344
2022-02-17,28.110000610351562
2022-02-18,27.75
2022-02-22,28.809999465942383
2022-02-23,31.020000457763672
2022-02-24,30.31999969482422
2022-02-25,27.59000015258789
2022-02-28,30.149999618530273
2022-03-01,33.31999969482422
2022-03-02,30.739999771118164
2022-03-03,30.479999542236328
2022-03-04,31.979999542236328
2022-03-07,36.45000076293945
2022-03-08,35.130001068115234
2022-03-09,32.45000076293945
2022-03-10,30.229999542236328
2022-03-11,30.75
2022-03-14,31.770000457763672
2022-03-15,29.829999923706055
2022-03-16,26.670000076293945
2022-03-17,25.670000076293945
2022-03-18,23.8700008392334
2022-03-21,23.530000686645508
2022-03-22,22.940000534057617
2022-03-23,23.56999969482422
2022-03-24,21.670000076293945
2022-03-25,20.809999465942383
2022-03-28,19.6299991607666
2022-03-29,18.899999618530273
2022-03-30,19.329999923706055
2022-03-31,20.559999465942383
2022-04-01,19.6299991607666
2022-04-04,18.56999969482422
2022-04-05,21.030000686645508
2022-04-06,22.100000381469727
2022-04-07,21.549999237060547
2022-04-08,21.15999984741211
2022-04-11,24.3700008392334
2022-04-12,24.260000228881836
2022-04-13,21.81999969482422
2022-04-14,22.700000762939453
2022-04-18,22.170000076293945
2022-04-19,21.3700008392334
2022-04-20,20.31999969482422
2022-04-21,22.68000030517578
2022-04-22,28.209999084472656
2022-04-25,27.020000457763672
2022-04-26,33.52000045776367
2022-04-27,31.600000381469727
2022-04-28,29.989999771118164
2022-04-29,33.400001525878906
2022-05-02,32.34000015258789
2022-05-03,29.25
2022-05-04,25.420000076293945
2022-05-05,31.200000762939453
2022-05-06,30.190000534057617
2022-05-09,34.75
2022-05-10,32.9900016784668
2022-05-11,32.560001373291016
2022-05-12,31.770000457763672
2022-05-13,28.8700008392334
2022-05-16,27.469999313354492
2022-05-17,26.100000381469727
2022-05-18,30.959999084472656
2022-05-19,29.350000381469727
2022-05-20,29.43000030517578
2022-05-23,28.479999542236328
2022-05-24,29.450000762939453
2022-05-25,28.3700008392334
2022-05-26,27.5
2022-05-27,25.719999313354492
2022-05-31,26.190000534057617
2022-06-01,25.690000534057617
2022-06-02,24.719999313354492
2022-06-03,24.790000915527344
2022-06-06,25.06999969482422
2022-06-07,24.020000457763672
2022-06-08,23.959999084472656
2022-06-09,26.09000015258789
2022-06-10,27.75
2022-06-13,34.02000045776367
2022-06-14,32.689998626708984
2022-06-15,29.6200008392334
2022-06-16,32.95000076293945
2022-06-17,31.1299991607666
2022-06-21,30.190000534057617
2022-06-22,28.950000762939453
2022-06-23,29.049999237060547
2022-06-24,27.229999542236328
2022-06-27,26.950000762939453
2022-06-28,28.360000610351562
2022-06-29,28.15999984741211
2022-06-30,28.709999084472656
2022-07-01,26.700000762939453
2022-07-05,27.540000915527344
2022-07-06,26.729999542236328
2022-07-07,26.079999923706055
2022-07-08,24.639999389648438
2022-07-11,26.170000076293945
2022-07-12,27.290000915527344
2022-07-13,26.81999969482422
2022-07-14,26.399999618530273
2022-07-15,24.229999542236328
2022-07-18,25.299999237060547
2022-07-19,24.5
2022-07-20,23.8799991607666
2022-07-21,23.110000610351562
2022-07-22,23.030000686645508
2022-07-25,23.360000610351562
2022-07-26,24.690000534057617
2022-07-27,23.239999771118164
2022-07-28,22.329999923706055
2022-07-29,21.329999923706055
2022-08-01,22.84000015258789
2022-08-02,23.93000030517578
2022-08-03,21.950000762939453
2022-08-04,21.440000534057617
2022-08-05,21.149999618530273
2022-08-08,21.290000915527344
2022-08-09,21.770000457763672
2022-08-10,19.739999771118164
2022-08-11,20.200000762939453
2022-08-12,19.530000686645508
2022-08-15,19.950000762939453
2022-08-16,19.690000534057617
2022-08-17,19.899999618530273
2022-08-18,19.559999465942383
2022-08-19,20.600000381469727
2022-08-22,23.799999237060547
2022-08-23,24.110000610351562
2022-08-24,22.81999969482422
2022-08-25,21.780000686645508
2022-08-26,25.559999465942383
2022-08-29,26.209999084472656
2022-08-30,26.209999084472656
2022-08-31,25.8700008392334
2022-09-01,25.559999465942383
2022-09-02,25.469999313354492
2022-09-06,26.90999984741211
2022-09-07,24.639999389648438
2022-09-08,23.610000610351562
2022-09-09,22.790000915527344
2022-09-12,23.8700008392334
2022-09-13,27.270000457763672
2022-09-14,26.15999984741211
2022-09-15,26.270000457763672
2022-09-16,26.299999237060547
2022-09-19,25.760000228881836
2022-09-20,27.15999984741211
2022-09-21,27.989999771118164
2022-09-22,27.350000381469727
2022-09-23,29.920000076293945
2022-09-26,32.2599983215332
2022-09-27,32.599998474121094
2022-09-28,30.18000030517578
2022-09-29,31.84000015258789
2022-09-30,31.6200008392334
2022-10-03,30.100000381469727
2022-10-04,29.06999969482422
2022-10-05,28.549999237060547
2022-10-06,30.520000457763672
2022-10-07,31.360000610351562
2022-10-10,32.45000076293945
2022-10-11,33.630001068115234
2022-10-12,33.56999969482422
2022-10-13,31.940000534057617
2022-10-14,32.02000045776367
2022-10-17,31.3700008392334
2022-10-18,30.5
2022-10-19,30.760000228881836
2022-10-20,29.979999542236328
2022-10-21,29.690000534057617
2022-10-24,29.850000381469727
2022-10-25,28.459999084472656
2022-10-26,27.280000686645508
2022-10-27,27.389999389648438
2022-10-28,25.75
2022-10-31,25.8799991607666
2022-11-01,25.809999465942383
2022-11-02,25.860000610351562
2022-11-03,25.299999237060547
2022-11-04,24.549999237060547
2022-11-07,24.350000381469727
2022-11-08,25.540000915527344
2022-11-09,26.09000015258789
2022-11-10,23.530000686645508
2022-11-11,22.520000457763672
2022-11-14,23.729999542236328
2022-11-15,24.540000915527344
2022-11-16,24.110000610351562
2022-11-17,23.93000030517578
2022-11-18,23.1200008392334
2022-11-21,22.360000610351562
2022-11-22,21.290000915527344
2022-11-23,20.350000381469727
2022-11-25,20.5
2022-11-28,22.209999084472656
2022-11-29,21.889999389648438
2022-11-30,20.579999923706055
2022-12-01,19.84000015258789
2022-12-02,19.059999465942383
2022-12-05,20.75
2022-12-06,22.170000076293945
2022-12-07,22.68000030517578
2022-12-08,22.290000915527344
2022-12-09,22.829999923706055
2022-12-12,25.0
2022-12-13,22.549999237060547
2022-12-14,21.139999389648438
2022-12-15,22.829999923706055
2022-12-16,22.6200008392334
2022-12-19,22.420000076293945
2022-12-20,21.479999542236328
2022-12-21,20.06999969482422
2022-12-22,21.969999313354492
2022-12-23,20.8700008392334
2022-12-27,21.649999618530273
2022-12-28,22.139999389648438
2022-12-29,21.440000534057617
2022-12-30,21.670000076293945
2023-01-03,22.899999618530273
2023-01-04,22.010000228881836
2023-01-05,22.459999084472656
2023-01-06,21.1299991607666
2023-01-09,21.969999313354492
2023-01-10,20.579999923706055
2023-01-11,21.09000015258789
2023-01-12,18.829999923706055
2023-01-13,18.350000381469727
2023-01-17,19.360000610351562
2023-01-18,20.34000015258789
2023-01-19,20.520000457763672
2023-01-20,19.850000381469727
2023-01-23,19.809999465942383
2023-01-24,19.200000762939453
2023-01-25,19.079999923706055
2023-01-26,18.729999542236328
2023-01-27,18.510000228881836
2023-01-30,19.940000534057617
2023-01-31,19.399999618530273
2023-02-01,17.8700008392334
2023-02-02,18.729999542236328
2023-02-03,18.329999923706055
2023-02-06,19.43000030517578
2023-02-07,18.65999984741211
2023-02-08,19.6299991607666
2023-02-09,20.709999084472656
2023-02-10,20.530000686645508
2023-02-13,20.34000015258789
2023-02-14,18.90999984741211
2023-02-15,18.229999542236328
2023-02-16,20.170000076293945
2023-02-17,20.020000457763672
2023-02-21,22.8700008392334
2023-02-22,22.290000915527344
2023-02-23,21.139999389648438
2023-02-24,21.670000076293945
2023-02-27,20.950000762939453
2023-02-28,20.700000762939453
2023-03-01,20.579999923706055
2023-03-02,19.59000015258789
2023-03-03,18.489999771118164
2023-03-06,18.610000610351562
2023-03-07,19.59000015258789
2023-03-08,19.110000610351562
2023-03-09,22.610000610351562
2023-03-10,24.799999237060547
2023-03-13,26.520000457763672
2023-03-14,23.729999542236328
2023-03-15,26.139999389648438
2023-03-16,22.989999771118164
2023-03-17,25.510000228881836
2023-03-20,24.149999618530273
2023-03-21,21.3799991607666
2023-03-22,22.260000228881836
2023-03-23,22.610000610351562
2023-03-24,21.739999771118164
2023-03-27,20.600000381469727
2023-03-28,19.969999313354492
2023-03-29,19.1200008392334
2023-03-30,19.020000457763672
2023-03-31,18.700000762939453
2023-04-03,18.549999237060547
2023-04-04,19.0
2023-04-05,19.079999923706055
2023-04-06,18.399999618530273
2023-04-10,18.969999313354492
2023-04-11,19.100000381469727
2023-04-12,19.09000015258789
2023-04-13,17.799999237060547
2023-04-14,17.06999969482422
2023-04-17,16.950000762939453
2023-04-18,16.829999923706055
2023-04-19,16.459999084472656
2023-04-20,17.170000076293945
2023-04-21,16.770000457763672
2023-04-24,16.889999389648438
2023-04-25,18.760000228881836
2023-04-26,18.84000015258789
2023-04-27,17.030000686645508
2023-04-28,15.779999732971191
2023-05-01,16.079999923706055
2023-05-02,17.780000686645508
2023-05-03,18.34000015258789
2023-05-04,20.09000015258789
2023-05-05,17.190000534057617
2023-05-08,16.979999542236328
2023-05-09,17.709999084472656
2023-05-10,16.940000534057617
2023-05-11,16.93000030517578
2023-05-12,17.030000686645508
2023-05-15,17.1200008392334
2023-05-16,17.989999771118164
2023-05-17,16.8700008392334
2023-05-18,16.049999237060547
2023-05-19,16.809999465942383
2023-05-22,17.209999084472656
2023-05-23,18.530000686645508
2023-05-24,20.030000686645508
2023-05-25,19.139999389648438
2023-05-26,17.950000762939453
2023-05-30,17.459999084472656
2023-05-31,17.940000534057617
2023-06-01,15.649999618530273
2023-06-02,14.600000381469727
2023-06-05,14.729999542236328
2023-06-06,13.960000038146973
2023-06-07,13.9399995803833
2023-06-08,13.649999618530273
2023-06-09,13.829999923706055
2023-06-12,15.010000228881836
2023-06-13,14.609999656677246
2023-06-14,13.880000114440918
2023-06-15,14.5
2023-06-16,13.539999961853027
2023-06-20,13.880000114440918
2023-06-21,13.199999809265137
2023-06-22,12.90999984741211
2023-06-23,13.4399995803833
2023-06-26,14.25
2023-06-27,13.739999771118164
2023-06-28,13.430000305175781
2023-06-29,13.539999961853027
2023-06-30,13.59000015258789
2023-07-03,13.569999694824219
2023-07-05,14.180000305175781
2023-07-06,15.4399995803833
2023-07-07,14.829999923706055
2023-07-10,15.069999694824219
2023-07-11,14.84000015258789
2023-07-12,13.539999961853027
2023-07-13,13.609999656677246
2023-07-14,13.34000015258789
2023-07-17,13.479999542236328
2023-07-18,13.300000190734863
2023-07-19,13.760000228881836
2023-07-20,13.989999771118164
2023-07-21,13.600000381469727
2023-07-24,13.90999984741211
2023-07-25,13.859999656677246
2023-07-26,13.1899995803833
2023-07-27,14.40999984741211
2023-07-28,13.329999923706055
2023-07-31,13.630000114440918
2023-08-01,13.930000305175781
2023-08-02,16.09000015258789
2023-08-03,15.920000076293945
2023-08-04,17.100000381469727
2023-08-07,15.770000457763672
2023-08-08,15.989999771118164
2023-08-09,15.960000038146973
2023-08-10,15.850000381469727
2023-08-11,14.84000015258789
2023-08-14,14.819999694824219
2023-08-15,16.459999084472656
2023-08-16,16.780000686645508
2023-08-17,17.889999389648438
2023-08-18,17.299999237060547
2023-08-21,17.1299991607666
2023-08-22,16.969999313354492
2023-08-23,15.979999542236328
2023-08-24,17.200000762939453
2023-08-25,15.680000305175781
2023-08-28,15.079999923706055
2023-08-29,14.449999809265137
2023-08-30,13.880000114440918
2023-08-31,13.569999694824219
2023-09-01,13.09000015258789
2023-09-05,14.010000228881836
2023-09-06,14.449999809265137
2023-09-07,14.399999618530273
2023-09-08,13.84000015258789
2023-09-11,13.800000190734863
2023-09-12,14.229999542236328
2023-09-13,13.479999542236328
2023-09-14,12.819999694824219
2023-09-15,13.789999961853027
2023-09-18,14.0
2023-09-19,14.109999656677246
2023-09-20,15.140000343322754
2023-09-21,17.540000915527344
2023-09-22,17.200000762939453
2023-09-25,16.899999618530273
2023-09-26,18.940000534057617
2023-09-27,18.219999313354492
2023-09-28,17.34000015258789
2023-09-29,17.520000457763672
2023-10-02,17.610000610351562
2023-10-03,19.780000686645508
2023-10-04,18.579999923706055
2023-10-05,18.489999771118164
2023-10-06,17.450000762939453
2023-10-09,17.700000762939453
2023-10-10,17.030000686645508
2023-10-11,16.09000015258789
2023-10-12,16.690000534057617
2023-10-13,19.31999969482422
2023-10-16,17.209999084472656
2023-10-17,17.8799991607666
2023-10-18,19.219999313354492
2023-10-19,21.399999618530273
2023-10-20,21.709999084472656
2023-10-23,20.3700008392334
2023-10-24,18.969999313354492
2023-10-25,20.190000534057617
2023-10-26,20.68000030517578
2023-10-27,21.270000457763672
2023-10-30,19.75
2023-10-31,18.139999389648438
2023-11-01,16.8700008392334
2023-11-02,15.65999984741211
2023-11-03,14.90999984741211
2023-11-06,14.890000343322754
2023-11-07,14.8100004196167
2023-11-08,14.449999809265137
2023-11-09,15.289999961853027
2023-11-10,14.170000076293945
2023-11-13,14.760000228881836
2023-11-14,14.15999984741211
2023-11-15,14.180000305175781
2023-11-16,14.319999694824219
2023-11-17,13.800000190734863
2023-11-20,13.40999984741211
2023-11-21,13.350000381469727
2023-11-22,12.850000381469727
2023-11-24,12.460000038146973
2023-11-27,12.6899995803833
2023-11-28,12.6899995803833
2023-11-29,12.979999542236328
2023-11-30,12.920000076293945
2023-12-01,12.630000114440918
2023-12-04,13.079999923706055
2023-12-05,12.850000381469727
2023-12-06,12.970000267028809
2023-12-07,13.0600004196167
2023-12-08,12.350000381469727
2023-12-11,12.630000114440918
2023-12-12,12.069999694824219
2023-12-13,12.1899995803833
2023-12-14,12.479999542236328
2023-12-15,12.279999732971191
2023-12-18,12.5600004196167
2023-12-19,12.529999732971191
2023-12-20,13.670000076293945
2023-12-21,13.649999618530273
2023-12-22,13.029999732971191
2023-12-26,12.989999771118164
2023-12-27,12.430000305175781
2023-12-28,12.470000267028809
2023-12-29,12.449999809265137
2024-01-02,13.199999809265137
2024-01-03,14.039999961853027
2024-01-04,14.130000114440918
2024-01-05,13.350000381469727
2024-01-08,13.079999923706055
2024-01-09,12.760000228881836
2024-01-10,12.6899995803833
2024-01-11,12.4399995803833
2024-01-12,12.699999809265137
2024-01-16,13.84000015258789
2024-01-17,14.789999961853027
2024-01-18,14.130000114440918
2024-01-19,13.300000190734863
2024-01-22,13.1899995803833
2024-01-23,12.550000190734863
2024-01-24,13.140000343322754
2024-01-25,13.449999809265137
2024-01-26,13.260000228881836
2024-01-29,13.600000381469727
2024-01-30,13.3100004196167
2024-01-31,14.350000381469727
2024-02-01,13.880000114440918
2024-02-02,13.850000381469727
2024-02-05,13.670000076293945
2024-02-06,13.0600004196167
2024-02-07,12.829999923706055
2024-02-08,12.789999961853027
2024-02-09,12.930000305175781
2024-02-12,13.930000305175781
2024-02-13,15.850000381469727
2024-02-14,14.380000114440918
2024-02-15,14.010000228881836
2024-02-16,14.239999771118164
2024-02-20,15.420000076293945
2024-02-21,15.34000015258789
2024-02-22,14.539999961853027
2024-02-23,13.75
2024-02-26,13.739999771118164
2024-02-27,13.430000305175781
2024-02-28,13.84000015258789
2024-02-29,13.399999618530273
2024-03-01,13.109999656677246
2024-03-04,13.489999771118164
2024-03-05,14.460000038146973
2024-03-06,14.5
2024-03-07,14.4399995803833
2024-03-08,14.739999771118164
2024-03-11,15.220000267028809
2024-03-12,13.84000015258789
2024-03-13,13.75
2024-03-14,14.399999618530273
2024-03-15,14.40999984741211
2024-03-18,14.329999923706055
2024-03-19,13.819999694824219
2024-03-20,13.039999961853027
2024-03-21,12.920000076293945
2024-03-22,13.0600004196167
2024-03-25,13.1899995803833
2024-03-26,13.239999771118164
2024-03-27,12.779999732971191
2024-03-28,13.010000228881836
2024-04-01,13.649999618530273
2024-04-02,14.609999656677246
2024-04-03,14.329999923706055
2024-04-04,16.350000381469727
2024-04-05,16.030000686645508
2024-04-08,15.1899995803833
2024-04-09,14.979999542236328
2024-04-10,15.800000190734863
2024-04-11,14.90999984741211
2024-04-12,17.309999465942383
2024-04-15,19.229999542236328
2024-04-16,18.399999618530273
2024-04-17,18.209999084472656
2024-04-18,18.0
2024-04-19,18.709999084472656
2024-04-22,16.940000534057617
2024-04-23,15.6899995803833
2024-04-24,15.970000267028809
2024-04-25,15.369999885559082
2024-04-26,15.029999732971191
2024-04-29,14.670000076293945
2024-04-30,15.649999618530273
2024-05-01,15.390000343322754
2024-05-02,14.680000305175781
2024-05-03,13.489999771118164
2024-05-06,13.489999771118164
2024-05-07,13.229999542236328
2024-05-08,13.0
2024-05-09,12.6899995803833
2024-05-10,12.550000190734863
2024-05-13,13.600000381469727
2024-05-14,13.420000076293945
2024-05-15,12.449999809265137
2024-05-16,12.420000076293945
2024-05-17,11.989999771118164
2024-05-20,12.149999618530273
2024-05-21,11.859999656677246
2024-05-22,12.289999961853027
2024-05-23,12.770000457763672
2024-05-24,11.930000305175781
2024-05-28,12.920000076293945
2024-05-29,14.279999732971191
2024-05-30,14.470000267028809
2024-05-31,12.920000076293945
2024-06-03,13.109999656677246
2024-06-04,13.15999984741211
2024-06-05,12.630000114440918
2024-06-06,12.579999923706055
2024-06-07,12.220000267028809
2024-06-10,12.739999771118164
2024-06-11,12.850000381469727
2024-06-12,12.039999961853027
2024-06-13,11.9399995803833
2024-06-14,12.65999984741211
2024-06-17,12.75
2024-06-18,12.300000190734863
2024-06-20,13.279999732971191
2024-06-21,13.199999809265137
2024-06-24,13.329999923706055
2024-06-25,12.84000015258789
2024-06-26,12.550000190734863
2024-06-27,12.239999771118164
2024-06-28,12.4399995803833
2024-07-01,12.220000267028809
2024-07-02,12.029999732971191
2024-07-03,12.09000015258789
2024-07-05,12.479999542236328
2024-07-08,12.369999885559082
2024-07-09,12.510000228881836
2024-07-10,12.850000381469727
2024-07-11,12.920000076293945
2024-07-12,12.460000038146973
2024-07-15,13.119999885559082
2024-07-16,13.1899995803833
2024-07-17,14.479999542236328
2024-07-18,15.930000305175781
2024-07-19,16.520000457763672
2024-07-22,14.90999984741211
2024-07-23,14.720000267028809
2024-07-24,18.040000915527344
2024-07-25,18.459999084472656
2024-07-26,16.389999389648438
2024-07-29,16.600000381469727
2024-07-30,17.690000534057617
2024-07-31,16.360000610351562
2024-08-01,18.59000015258789
2024-08-02,23.389999389648438
2024-08-05,38.56999969482422
2024-08-06,27.709999084472656
2024-08-07,27.850000381469727
2024-08-08,23.790000915527344
2024-08-09,20.3700008392334
2024-08-12,20.709999084472656
2024-08-13,18.1200008392334
2024-08-14,16.190000534057617
2024-08-15,15.229999542236328
2024-08-16,14.800000190734863
2024-08-19,14.649999618530273
2024-08-20,15.880000114440918
2024-08-21,16.270000457763672
2024-08-22,17.549999237060547
2024-08-23,15.859999656677246
2024-08-26,16.149999618530273
2024-08-27,15.430000305175781
2024-08-28,17.110000610351562
2024-08-29,15.649999618530273
2024-08-30,15.0
2024-09-03,20.719999313354492
2024-09-04,21.31999969482422
2024-09-05,19.899999618530273
2024-09-06,22.3799991607666
2024-09-09,19.450000762939453
2024-09-10,19.079999923706055
2024-09-11,17.690000534057617
2024-09-12,17.06999969482422
2024-09-13,16.559999465942383
2024-09-16,17.139999389648438
2024-09-17,17.610000610351562
2024-09-18,18.229999542236328
2024-09-19,16.329999923706055
2024-09-20,16.149999618530273
2024-09-23,15.890000343322754
2024-09-24,15.390000343322754
2024-09-25,15.40999984741211
2024-09-26,15.369999885559082
2024-09-27,16.959999084472656
2024-09-30,16.729999542236328
2024-10-01,19.260000228881836
2024-10-02,18.899999618530273
2024-10-03,20.489999771118164
2024-10-04,19.209999084472656
2024-10-07,22.639999389648438
2024-10-08,21.420000076293945
2024-10-09,20.860000610351562
2024-10-10,20.93000030517578
2024-10-11,20.459999084472656
2024-10-14,19.700000762939453
2024-10-15,20.639999389648438
2024-10-16,19.579999923706055
2024-10-17,19.110000610351562
2024-10-18,18.030000686645508
2024-10-21,18.3700008392334
2024-10-22,18.200000762939453
2024-10-23,19.239999771118164
2024-10-24,19.079999923706055
2024-10-25,20.329999923706055
2024-10-28,19.799999237060547
2024-10-29,19.34000015258789
2024-10-30,20.350000381469727
2024-10-31,23.15999984741211
2024-11-01,21.8799991607666
2024-11-04,21.979999542236328
2024-11-05,20.489999771118164
2024-11-06,16.270000457763672
2024-11-07,15.199999809265137
2024-11-08,14.9399995803833
2024-11-11,14.970000267028809
2024-11-12,14.710000038146973
2024-11-13,14.020000457763672
2024-11-14,14.3100004196167
2024-11-15,16.139999389648438
2024-11-18,15.579999923706055
2024-11-19,16.350000381469727
2024-11-20,17.15999984741211
2024-11-21,16.8700008392334
2024-11-22,15.239999771118164
2024-11-25,14.600000381469727
2024-11-26,14.100000381469727
2024-11-27,14.100000381469727
2024-11-29,13.510000228881836
2024-12-02,13.34000015258789
2024-12-03,13.300000190734863
2024-12-04,13.449999809265137
2024-12-05,13.539999961853027
2024-12-06,12.770000457763672
2024-12-09,14.1899995803833
2024-12-10,14.180000305175781
2024-12-11,13.579999923706055
2024-12-12,13.920000076293945
2024-12-13,13.8100004196167
2024-12-16,14.6899995803833
2024-12-17,15.869999885559082
2024-12-18,27.6200008392334
2024-12-19,24.09000015258789
2024-12-20,18.360000610351562
2024-12-23,16.780000686645508
2024-12-24,14.270000457763672
2024-12-26,14.729999542236328
2024-12-27,15.949999809265137
2024-12-30,17.399999618530273
2024-12-31,17.350000381469727
2025-01-02,17.93000030517578
2025-01-03,16.1299991607666
2025-01-06,16.040000915527344
2025-01-07,17.81999969482422
2025-01-08,17.700000762939453
2025-01-10,19.540000915527344
2025-01-13,19.190000534057617
2025-01-14,18.709999084472656
2025-01-15,16.1200008392334
2025-01-16,16.600000381469727
2025-01-17,15.970000267028809
2025-01-21,15.0600004196167
2025-01-22,15.100000381469727
2025-01-23,15.020000457763672
2025-01-24,14.850000381469727
2025-01-27,17.899999618530273
2025-01-28,16.40999984741211
2025-01-29,16.559999465942383
2025-01-30,15.84000015258789
2025-01-31,16.43000030517578
2025-02-03,18.6200008392334
2025-02-04,17.209999084472656
2025-02-05,15.770000457763672
2025-02-06,15.5
2025-02-07,16.540000915527344
2025-02-10,15.8100004196167
2025-02-11,16.020000457763672
2025-02-12,15.890000343322754
2025-02-13,15.100000381469727
2025-02-14,14.770000457763672
2025-02-18,15.350000381469727
2025-02-19,15.270000457763672
2025-02-20,15.65999984741211
2025-02-21,18.209999084472656
2025-02-24,18.979999542236328
2025-02-25,19.43000030517578
2025-02-26,19.100000381469727
2025-02-27,21.1299991607666
2025-02-28,19.6299991607666
2025-03-03,22.780000686645508
2025-03-04,23.510000228881836
2025-03-05,21.93000030517578
2025-03-06,24.8700008392334
2025-03-07,23.3700008392334
2025-03-10,27.860000610351562
2025-03-11,26.920000076293945
2025-03-12,24.229999542236328
2025-03-13,24.65999984741211
2025-03-14,21.770000457763672
2025-03-17,20.510000228881836
2025-03-18,21.700000762939453
2025-03-19,19.899999618530273
2025-03-20,19.799999237060547
2025-03-21,19.280000686645508
2025-03-24,17.479999542236328
2025-03-25,17.149999618530273
2025-03-26,18.329999923706055
2025-03-27,18.690000534057617
2025-03-28,21.649999618530273
2025-03-31,22.280000686645508
2025-04-01,21.770000457763672
2025-04-02,21.510000228881836
2025-04-03,30.020000457763672
2025-04-04,45.310001373291016
2025-04-07,46.97999954223633
2025-04-08,52.33000183105469
2025-04-09,33.619998931884766
2025-04-10,40.720001220703125
2025-04-11,37.560001373291016
2025-04-14,30.889999389648438
2025-04-15,30.1200008392334
2025-04-16,32.63999938964844
2025-04-17,29.649999618530273
2025-04-21,33.81999969482422
2025-04-22,30.56999969482422
2025-04-23,28.450000762939453
2025-04-24,26.469999313354492
2025-04-25,24.84000015258789
2025-04-28,25.149999618530273
2025-04-29,24.170000076293945
2025-04-30,24.700000762939453
2025-05-01,24.600000381469727
2025-05-02,22.68000030517578
2025-05-05,23.639999389648438
2025-05-06,24.760000228881836
2025-05-07,23.549999237060547
2025-05-08,22.479999542236328
2025-05-09,21.899999618530273
2025-05-12,18.389999389648438
2025-05-13,18.219999313354492
2025-05-14,18.6200008392334
2025-05-15,17.829999923706055
2025-05-16,17.239999771118164
2025-05-19,18.139999389648438
2025-05-20,18.09000015258789
2025-05-21,20.8700008392334
2025-05-22,20.280000686645508
2025-05-23,22.290000915527344
2025-05-27,18.959999084472656
2025-05-28,19.309999465942383
2025-05-29,19.18000030517578
2025-05-30,18.56999969482422
2025-06-02,18.360000610351562
2025-06-03,17.690000534057617
2025-06-04,17.610000610351562
2025-06-05,18.479999542236328
2025-06-06,16.770000457763672
2025-06-09,17.15999984741211
2025-06-10,16.950000762939453
2025-06-11,17.260000228881836
2025-06-12,18.020000457763672
2025-06-13,20.81999969482422
2025-06-16,19.110000610351562
2025-06-17,21.600000381469727
2025-06-18,20.139999389648438
2025-06-20,20.6200008392334
2025-06-23,19.829999923706055
2025-06-24,17.479999542236328
2025-06-25,16.760000228881836
2025-06-26,16.59000015258789
2025-06-27,16.31999969482422
2025-06-30,16.729999542236328
2025-07-01,16.829999923706055
2025-07-02,16.639999389648438
2025-07-03,16.3799991607666
2025-07-07,17.790000915527344
2025-07-08,16.809999465942383
2025-07-09,15.9399995803833
2025-07-10,15.779999732971191
2025-07-11,16.399999618530273
2025-07-14,17.200000762939453
2025-07-15,17.3799991607666
2025-07-16,17.15999984741211
2025-07-17,16.520000457763672
2025-07-18,16.40999984741211
2025-07-21,16.649999618530273
2025-07-22,16.5
2025-07-23,15.369999885559082
2025-07-24,15.390000343322754
2025-07-25,14.930000305175781
2025-07-28,15.029999732971191
2025-07-29,15.979999542236328
2025-07-30,15.479999542236328
2025-07-31,16.719999313354492
2025-08-01,20.3799991607666
2025-08-04,17.520000457763672
2025-08-05,17.850000381469727
2025-08-06,16.770000457763672
2025-08-07,16.56999969482422
2025-08-08,15.149999618530273
2025-08-11,16.25
2025-08-12,14.729999542236328
2025-08-13,14.489999771118164
2025-08-14,14.829999923706055
2025-08-15,15.09000015258789
2025-08-18,14.989999771118164
2025-08-19,15.569999694824219
2025-08-20,15.6899995803833
2025-08-21,16.600000381469727
2025-08-22,14.220000267028809
2025-08-25,14.789999961853027
2025-08-26,14.619999885559082
2025-08-27,14.850000381469727
2025-08-28,14.430000305175781
2025-08-29,15.359999656677246
2025-09-02,17.170000076293945
2025-09-03,16.350000381469727
2025-09-04,15.300000190734863
2025-09-05,15.180000305175781
2025-09-08,15.109999656677246
2025-09-09,15.039999961853027
2025-09-10,15.350000381469727
2025-09-11,14.710000038146973
2025-09-12,14.760000228881836
2025-09-15,15.6899995803833
2025-09-16,16.360000610351562
2025-09-17,15.720000267028809
2025-09-18,15.699999809265137
2025-09-19,15.449999809265137
2025-09-22,16.100000381469727
2025-09-23,16.639999389648438
2025-09-24,16.18000030517578
2025-09-25,16.739999771118164
2025-09-26,15.289999961853027
2025-09-29,16.1200008392334
2025-09-30,16.280000686645508
2025-10-01,16.290000915527344
2025-10-02,16.6299991607666
2025-10-03,16.649999618530273
2025-10-06,16.3700008392334
2025-10-07,17.239999771118164
2025-10-08,16.299999237060547
2025-10-09,16.43000030517578
2025-10-10,21.65999984741211
2025-10-13,19.030000686645508
